<?xml version="1.0" encoding="UTF-8"?>
<!DOCTYPE suite SYSTEM "http://testng.org/testng-1.0.dtd">
<suite name="Suite">
	<test thread-count="5" name="Test">
		<classes>
			<class name="web2_0.W2E1_Caso001" />
			<class name="web2_0.W2E1_Caso003" />
			<class name="web2_0.W2E1_Caso004" />
			<class name="web2_0.W2E1_Caso005" />
			<class name="web2_0.W2E1_Caso007" />
			<class name="web2_0.W2E1_Caso008" />
			<class name="web2_0.W2E1_Caso009" />
			<class name="web2_0.W2E1_Caso011" />
			<class name="web2_0.W2E1_Caso012" />
			<class name="web2_0.W2E1_Caso013" />
			<class name="web2_0.W2E1_Caso014" />
			<class name="web2_0.W2E1_Caso015_016_017_018" />
			<class name="web2_0.W2E1_Caso019_020_026" />
			<class name="web2_0.W2E1_Caso021_022_023_024_025_027" />
			<class name="web2_0.W2E1_Caso028_029_030_031" />
			<class name="web2_0.W2E1_Caso032_033_034" />
			<class name="web2_0.W2E1_Caso035" />
			<class name="web2_0.W2E1_Caso039_040_041_042" />
			<class name="web2_0.W2E1_Caso045" />
			<class name="web2_0.W2E1_Caso046_047_048_049_050_051" />
		</classes>
	</test> <!-- Test -->
</suite> <!-- Suite -->
