<?xml version="1.0" encoding="UTF-8"?>
<!DOCTYPE suite SYSTEM "http://testng.org/testng-1.0.dtd">
<suite name="Suite">
	<test thread-count="5" name="Test">
		<classes>
			<class name="web2_0.W2E1_Caso001" />
			<class name="web2_0.W2E1_Caso001Android" />
			<!--<class name="web2_0.W2E1_Caso001Iphone" /> -->
			<class name="web2_0.W2E1_Caso003" />
			<class name="web2_0.W2E1_Caso003Android" />
			<!--<class name="web2_0.W2E1_Caso003Safari" /> -->
			<class name="web2_0.W2E1_Caso004" />
			<class name="web2_0.W2E1_Caso004Android" />
			<!--<class name="web2_0.W2E1_Caso004Safari" /> -->
			<class name="web2_0.W2E1_Caso005" />
			<class name="web2_0.W2E1_Caso005Android" />
			<!--<class name="web2_0.W2E1_Caso005Safari" /> -->
			<class name="web2_0.W2E1_Caso007" />
			<class name="web2_0.W2E1_Caso007Android" />
			<!--<class name="web2_0.W2E1_Caso007Safari" /> -->
			<class name="web2_0.W2E1_Caso008" />
			<class name="web2_0.W2E1_Caso008Android" />
			<!--<class name="web2_0.W2E1_Caso008Safari" /> -->
			<class name="web2_0.W2E1_Caso009" />
			<class name="web2_0.W2E1_Caso009Android" />
			<!--<class name="web2_0.W2E1_Caso009Safari" /> -->
			<class name="web2_0.W2E1_Caso011" />
			<class name="web2_0.W2E1_Caso011Android" />
			<!-- <class name="web2_0.W2E1_Caso011Safari" /> -->
			<class name="web2_0.W2E1_Caso012" />
			<class name="web2_0.W2E1_Caso012Android" />
			<!--<class name="web2_0.W2E1_Caso012Safari" /> -->
			<class name="web2_0.W2E1_Caso013" />
			<class name="web2_0.W2E1_Caso013A" />
			<class name="web2_0.W2E1_Caso013Iphone" />
			<class name="web2_0.W2E1_Caso014" />
			<class name="web2_0.W2E1_Caso014Android" />
			<class name="web2_0.W2E1_Caso014Iphone" />
			<class name="web2_0.W2E1_Caso015_016_017_018" />
			<class name="web2_0.W2E1_Caso015_016_017_018Android" />
			<class name="web2_0.W2E1_Caso015_016_017_018Iphone" />
			<class name="web2_0.W2E1_Caso019_020_026" />
			<class name="web2_0.W2E1_Caso019_020_026Android" />
			<class name="web2_0.W2E1_Caso019_020_026Iphone" />
			<class name="web2_0.W2E1_Caso021_022_023_024_025_027" />
			<class name="web2_0.W2E1_Caso021_022_023_024_025_027Android" />
			<class name="web2_0.W2E1_Caso021_022_023_024_025_027Iphone" />
			<class name="web2_0.W2E1_Caso028_029_030_031" />
			<class name="web2_0.W2E1_Caso028_029_030_031Android" />
			<class name="web2_0.W2E1_Caso028_029_030_031Iphone" />
			<class name="web2_0.W2E1_Caso032_033_034" />
			<class name="web2_0.W2E1_Caso032_033_034Android" />
			<class name="web2_0.W2E1_Caso032_033_034Iphone" />
			<class name="web2_0.W2E1_Caso035" />
			<class name="web2_0.W2E1_Caso035Android" />
			<class name="web2_0.W2E1_Caso035Iphone" />
			<class name="web2_0.W2E1_Caso039_040_041_042" />
			<class name="web2_0.W2E1_Caso039_040_041_042Android" />
			<class name="web2_0.W2E1_Caso039_040_041_042Iphone" />
			<class name="web2_0.W2E1_Caso045" />
			<class name="web2_0.W2E1_Caso045Android" />
			<class name="web2_0.W2E1_Caso045Iphone" />
			<class name="web2_0.W2E1_Caso046_047_048_049_050_051" />
			<class name="web2_0.W2E1_Caso046_047_048_049_050_051Android" />
			<class name="web2_0.W2E1_Caso046_047_048_049_050_051Iphone" />
		</classes>
	</test> <!-- Test -->
</suite> <!-- Suite -->